-- Campaigns
INSERT INTO campaigns(campaign_id, campaign_name, campaign_type, discount_percentage, buy_qty, get_qty, start_date, end_date) VALUES (20001, 'Sunscreen SPF50 200ml 27% OFF', 'DISCOUNT', 27, NULL, NULL, '2023-02-01', '2023-02-11');
INSERT INTO campaigns(campaign_id, campaign_name, campaign_type, discount_percentage, buy_qty, get_qty, start_date, end_date) VALUES (20002, 'Sunscreen SPF50 200ml 17% OFF', 'DISCOUNT', 17, NULL, NULL, '2023-04-06', '2023-04-18');
INSERT INTO campaigns(campaign_id, campaign_name, campaign_type, discount_percentage, buy_qty, get_qty, start_date, end_date) VALUES (20003, 'Sunscreen SPF50 200ml 10% OFF', 'DISCOUNT', 10, NULL, NULL, '2024-05-01', '2024-05-13');
INSERT INTO campaigns(campaign_id, campaign_name, campaign_type, discount_percentage, buy_qty, get_qty, start_date, end_date) VALUES (20004, 'Sunscreen SPF50 200ml B2G1', 'BXGY_SAME_PRODUCT', NULL, 2, 1, '2023-05-01', '2023-05-09');
INSERT INTO campaigns(campaign_id, campaign_name, campaign_type, discount_percentage, buy_qty, get_qty, start_date, end_date) VALUES (20005, 'Sunscreen SPF50 200ml B2G1', 'BXGY_SAME_PRODUCT', NULL, 2, 1, '2024-02-01', '2024-02-12');
INSERT INTO campaigns(campaign_id, campaign_name, campaign_type, discount_percentage, buy_qty, get_qty, start_date, end_date) VALUES (20006, 'Sunscreen SPF50 200ml 27% OFF', 'DISCOUNT', 27, NULL, NULL, '2025-08-01', '2025-08-11');
INSERT INTO campaigns(campaign_id, campaign_name, campaign_type, discount_percentage, buy_qty, get_qty, start_date, end_date) VALUES (20007, 'Sunscreen SPF50 200ml 17% OFF', 'DISCOUNT', 17, NULL, NULL, '2023-01-01', '2023-01-16');
INSERT INTO campaigns(campaign_id, campaign_name, campaign_type, discount_percentage, buy_qty, get_qty, start_date, end_date) VALUES (20008, 'Sunscreen SPF50 200ml B2G1', 'BXGY_SAME_PRODUCT', NULL, 2, 1, '2025-02-01', '2025-02-08');
INSERT INTO campaigns(campaign_id, campaign_name, campaign_type, discount_percentage, buy_qty, get_qty, start_date, end_date) VALUES (20009, 'Air Conditioner 12000 BTU B3G1', 'BXGY_SAME_PRODUCT', NULL, 3, 1, '2023-05-01', '2023-05-09');
INSERT INTO campaigns(campaign_id, campaign_name, campaign_type, discount_percentage, buy_qty, get_qty, start_date, end_date) VALUES (20010, 'Air Conditioner 12000 BTU B3G1', 'BXGY_SAME_PRODUCT', NULL, 3, 1, '2023-12-01', '2023-12-08');
INSERT INTO campaigns(campaign_id, campaign_name, campaign_type, discount_percentage, buy_qty, get_qty, start_date, end_date) VALUES (20011, 'Air Conditioner 12000 BTU 17% OFF', 'DISCOUNT', 17, NULL, NULL, '2025-01-01', '2025-01-10');
INSERT INTO campaigns(campaign_id, campaign_name, campaign_type, discount_percentage, buy_qty, get_qty, start_date, end_date) VALUES (20012, 'Air Conditioner 12000 BTU B2G1', 'BXGY_SAME_PRODUCT', NULL, 2, 1, '2023-02-01', '2023-02-19');
INSERT INTO campaigns(campaign_id, campaign_name, campaign_type, discount_percentage, buy_qty, get_qty, start_date, end_date) VALUES (20013, 'Air Conditioner 12000 BTU B2G1', 'BXGY_SAME_PRODUCT', NULL, 2, 1, '2023-11-01', '2023-11-21');
INSERT INTO campaigns(campaign_id, campaign_name, campaign_type, discount_percentage, buy_qty, get_qty, start_date, end_date) VALUES (20014, 'Air Conditioner 12000 BTU B2G1', 'BXGY_SAME_PRODUCT', NULL, 2, 1, '2023-03-01', '2023-03-17');
INSERT INTO campaigns(campaign_id, campaign_name, campaign_type, discount_percentage, buy_qty, get_qty, start_date, end_date) VALUES (20015, 'Air Conditioner 12000 BTU 22% OFF', 'DISCOUNT', 22, NULL, NULL, '2024-10-01', '2024-10-11');
INSERT INTO campaigns(campaign_id, campaign_name, campaign_type, discount_percentage, buy_qty, get_qty, start_date, end_date) VALUES (20016, 'Air Conditioner 12000 BTU 13% OFF', 'DISCOUNT', 13, NULL, NULL, '2023-01-01', '2023-01-09');
INSERT INTO campaigns(campaign_id, campaign_name, campaign_type, discount_percentage, buy_qty, get_qty, start_date, end_date) VALUES (20017, 'Ski Board All-Mountain 22% OFF', 'DISCOUNT', 22, NULL, NULL, '2023-09-01', '2023-09-17');
INSERT INTO campaigns(campaign_id, campaign_name, campaign_type, discount_percentage, buy_qty, get_qty, start_date, end_date) VALUES (20018, 'Ski Board All-Mountain 13% OFF', 'DISCOUNT', 13, NULL, NULL, '2024-03-01', '2024-03-14');
INSERT INTO campaigns(campaign_id, campaign_name, campaign_type, discount_percentage, buy_qty, get_qty, start_date, end_date) VALUES (20019, 'Ski Board All-Mountain B2G1', 'BXGY_SAME_PRODUCT', NULL, 2, 1, '2024-05-01', '2024-05-12');
INSERT INTO campaigns(campaign_id, campaign_name, campaign_type, discount_percentage, buy_qty, get_qty, start_date, end_date) VALUES (20020, 'Ski Board All-Mountain B2G1', 'BXGY_SAME_PRODUCT', NULL, 2, 1, '2024-10-01', '2024-10-11');
INSERT INTO campaigns(campaign_id, campaign_name, campaign_type, discount_percentage, buy_qty, get_qty, start_date, end_date) VALUES (20021, 'Ski Board All-Mountain 10% OFF', 'DISCOUNT', 10, NULL, NULL, '2023-10-01', '2023-10-21');
INSERT INTO campaigns(campaign_id, campaign_name, campaign_type, discount_percentage, buy_qty, get_qty, start_date, end_date) VALUES (20022, 'Ski Board All-Mountain 17% OFF', 'DISCOUNT', 17, NULL, NULL, '2025-05-01', '2025-05-12');
INSERT INTO campaigns(campaign_id, campaign_name, campaign_type, discount_percentage, buy_qty, get_qty, start_date, end_date) VALUES (20023, 'Ski Board All-Mountain 25% OFF', 'DISCOUNT', 25, NULL, NULL, '2023-04-01', '2023-04-21');
INSERT INTO campaigns(campaign_id, campaign_name, campaign_type, discount_percentage, buy_qty, get_qty, start_date, end_date) VALUES (20024, 'Ski Board All-Mountain B2G1', 'BXGY_SAME_PRODUCT', NULL, 2, 1, '2023-05-09', '2023-05-27');
INSERT INTO campaigns(campaign_id, campaign_name, campaign_type, discount_percentage, buy_qty, get_qty, start_date, end_date) VALUES (20025, 'Thermo Flask 500ml 27% OFF', 'DISCOUNT', 27, NULL, NULL, '2024-04-01', '2024-04-15');
INSERT INTO campaigns(campaign_id, campaign_name, campaign_type, discount_percentage, buy_qty, get_qty, start_date, end_date) VALUES (20026, 'Thermo Flask 500ml B3G1', 'BXGY_SAME_PRODUCT', NULL, 3, 1, '2023-09-01', '2023-09-18');
INSERT INTO campaigns(campaign_id, campaign_name, campaign_type, discount_percentage, buy_qty, get_qty, start_date, end_date) VALUES (20027, 'Thermo Flask 500ml B2G1', 'BXGY_SAME_PRODUCT', NULL, 2, 1, '2024-02-01', '2024-02-14');
INSERT INTO campaigns(campaign_id, campaign_name, campaign_type, discount_percentage, buy_qty, get_qty, start_date, end_date) VALUES (20028, 'Thermo Flask 500ml 10% OFF', 'DISCOUNT', 10, NULL, NULL, '2023-06-01', '2023-06-07');
INSERT INTO campaigns(campaign_id, campaign_name, campaign_type, discount_percentage, buy_qty, get_qty, start_date, end_date) VALUES (20029, 'Thermo Flask 500ml 20% OFF', 'DISCOUNT', 20, NULL, NULL, '2023-03-11', '2023-03-27');
INSERT INTO campaigns(campaign_id, campaign_name, campaign_type, discount_percentage, buy_qty, get_qty, start_date, end_date) VALUES (20030, 'Thermo Flask 500ml 27% OFF', 'DISCOUNT', 27, NULL, NULL, '2024-06-01', '2024-06-10');
INSERT INTO campaigns(campaign_id, campaign_name, campaign_type, discount_percentage, buy_qty, get_qty, start_date, end_date) VALUES (20031, 'Thermo Flask 500ml 17% OFF', 'DISCOUNT', 17, NULL, NULL, '2024-08-13', '2024-09-02');
INSERT INTO campaigns(campaign_id, campaign_name, campaign_type, discount_percentage, buy_qty, get_qty, start_date, end_date) VALUES (20032, 'Thermo Flask 500ml B2G1', 'BXGY_SAME_PRODUCT', NULL, 2, 1, '2023-04-07', '2023-04-25');
INSERT INTO campaigns(campaign_id, campaign_name, campaign_type, discount_percentage, buy_qty, get_qty, start_date, end_date) VALUES (20033, 'Dates (Medjool) 1kg 30% OFF', 'DISCOUNT', 30, NULL, NULL, '2025-01-16', '2025-01-28');
INSERT INTO campaigns(campaign_id, campaign_name, campaign_type, discount_percentage, buy_qty, get_qty, start_date, end_date) VALUES (20034, 'Dates (Medjool) 1kg 20% OFF', 'DISCOUNT', 20, NULL, NULL, '2024-12-01', '2024-12-17');
INSERT INTO campaigns(campaign_id, campaign_name, campaign_type, discount_percentage, buy_qty, get_qty, start_date, end_date) VALUES (20035, 'Dates (Medjool) 1kg 16% OFF', 'DISCOUNT', 16, NULL, NULL, '2023-04-01', '2023-04-19');
INSERT INTO campaigns(campaign_id, campaign_name, campaign_type, discount_percentage, buy_qty, get_qty, start_date, end_date) VALUES (20036, 'Dates (Medjool) 1kg 18% OFF', 'DISCOUNT', 18, NULL, NULL, '2024-03-08', '2024-03-22');
INSERT INTO campaigns(campaign_id, campaign_name, campaign_type, discount_percentage, buy_qty, get_qty, start_date, end_date) VALUES (20037, 'Dates (Medjool) 1kg 24% OFF', 'DISCOUNT', 24, NULL, NULL, '2025-02-01', '2025-02-14');
INSERT INTO campaigns(campaign_id, campaign_name, campaign_type, discount_percentage, buy_qty, get_qty, start_date, end_date) VALUES (20038, 'Dates (Medjool) 1kg 11% OFF', 'DISCOUNT', 11, NULL, NULL, '2024-02-01', '2024-02-19');
INSERT INTO campaigns(campaign_id, campaign_name, campaign_type, discount_percentage, buy_qty, get_qty, start_date, end_date) VALUES (20039, 'Dates (Medjool) 1kg 15% OFF', 'DISCOUNT', 15, NULL, NULL, '2025-04-01', '2025-04-08');
INSERT INTO campaigns(campaign_id, campaign_name, campaign_type, discount_percentage, buy_qty, get_qty, start_date, end_date) VALUES (20040, 'Dates (Medjool) 1kg 11% OFF', 'DISCOUNT', 11, NULL, NULL, '2023-07-01', '2023-07-13');
INSERT INTO campaigns(campaign_id, campaign_name, campaign_type, discount_percentage, buy_qty, get_qty, start_date, end_date) VALUES (20041, 'Assorted Chocolates 250g 19% OFF', 'DISCOUNT', 19, NULL, NULL, '2023-04-01', '2023-04-17');
INSERT INTO campaigns(campaign_id, campaign_name, campaign_type, discount_percentage, buy_qty, get_qty, start_date, end_date) VALUES (20042, 'Assorted Chocolates 250g 20% OFF', 'DISCOUNT', 20, NULL, NULL, '2024-01-01', '2024-01-07');
INSERT INTO campaigns(campaign_id, campaign_name, campaign_type, discount_percentage, buy_qty, get_qty, start_date, end_date) VALUES (20043, 'Assorted Chocolates 250g 15% OFF', 'DISCOUNT', 15, NULL, NULL, '2024-03-01', '2024-03-09');
INSERT INTO campaigns(campaign_id, campaign_name, campaign_type, discount_percentage, buy_qty, get_qty, start_date, end_date) VALUES (20044, 'Assorted Chocolates 250g 13% OFF', 'DISCOUNT', 13, NULL, NULL, '2023-09-01', '2023-09-08');
INSERT INTO campaigns(campaign_id, campaign_name, campaign_type, discount_percentage, buy_qty, get_qty, start_date, end_date) VALUES (20045, 'Assorted Chocolates 250g B2G1', 'BXGY_SAME_PRODUCT', NULL, 2, 1, '2024-12-01', '2024-12-16');
INSERT INTO campaigns(campaign_id, campaign_name, campaign_type, discount_percentage, buy_qty, get_qty, start_date, end_date) VALUES (20046, 'Assorted Chocolates 250g 22% OFF', 'DISCOUNT', 22, NULL, NULL, '2023-05-01', '2023-05-17');
INSERT INTO campaigns(campaign_id, campaign_name, campaign_type, discount_percentage, buy_qty, get_qty, start_date, end_date) VALUES (20047, 'Assorted Chocolates 250g 10% OFF', 'DISCOUNT', 10, NULL, NULL, '2023-03-01', '2023-03-17');
INSERT INTO campaigns(campaign_id, campaign_name, campaign_type, discount_percentage, buy_qty, get_qty, start_date, end_date) VALUES (20048, 'Assorted Chocolates 250g 12% OFF', 'DISCOUNT', 12, NULL, NULL, '2023-08-01', '2023-08-10');
INSERT INTO campaigns(campaign_id, campaign_name, campaign_type, discount_percentage, buy_qty, get_qty, start_date, end_date) VALUES (20049, 'Eau de Parfum 50ml 29% OFF', 'DISCOUNT', 29, NULL, NULL, '2024-08-01', '2024-08-09');
INSERT INTO campaigns(campaign_id, campaign_name, campaign_type, discount_percentage, buy_qty, get_qty, start_date, end_date) VALUES (20050, 'Eau de Parfum 50ml B3G1', 'BXGY_SAME_PRODUCT', NULL, 3, 1, '2023-08-01', '2023-08-19');
INSERT INTO campaigns(campaign_id, campaign_name, campaign_type, discount_percentage, buy_qty, get_qty, start_date, end_date) VALUES (20051, 'Eau de Parfum 50ml 27% OFF', 'DISCOUNT', 27, NULL, NULL, '2023-03-01', '2023-03-21');
INSERT INTO campaigns(campaign_id, campaign_name, campaign_type, discount_percentage, buy_qty, get_qty, start_date, end_date) VALUES (20052, 'Eau de Parfum 50ml 26% OFF', 'DISCOUNT', 26, NULL, NULL, '2025-08-01', '2025-08-10');
INSERT INTO campaigns(campaign_id, campaign_name, campaign_type, discount_percentage, buy_qty, get_qty, start_date, end_date) VALUES (20053, 'Eau de Parfum 50ml 10% OFF', 'DISCOUNT', 10, NULL, NULL, '2023-01-01', '2023-01-17');
INSERT INTO campaigns(campaign_id, campaign_name, campaign_type, discount_percentage, buy_qty, get_qty, start_date, end_date) VALUES (20054, 'Eau de Parfum 50ml 24% OFF', 'DISCOUNT', 24, NULL, NULL, '2023-04-01', '2023-04-09');
INSERT INTO campaigns(campaign_id, campaign_name, campaign_type, discount_percentage, buy_qty, get_qty, start_date, end_date) VALUES (20055, 'Eau de Parfum 50ml 23% OFF', 'DISCOUNT', 23, NULL, NULL, '2024-04-01', '2024-04-20');
INSERT INTO campaigns(campaign_id, campaign_name, campaign_type, discount_percentage, buy_qty, get_qty, start_date, end_date) VALUES (20056, 'Eau de Parfum 50ml 21% OFF', 'DISCOUNT', 21, NULL, NULL, '2025-01-01', '2025-01-11');
INSERT INTO campaigns(campaign_id, campaign_name, campaign_type, discount_percentage, buy_qty, get_qty, start_date, end_date) VALUES (20057, 'Potato Chips 50g 29% OFF', 'DISCOUNT', 29, NULL, NULL, '2024-10-01', '2024-10-08');
INSERT INTO campaigns(campaign_id, campaign_name, campaign_type, discount_percentage, buy_qty, get_qty, start_date, end_date) VALUES (20058, 'Potato Chips 50g B3G1', 'BXGY_SAME_PRODUCT', NULL, 3, 1, '2025-03-01', '2025-03-21');
INSERT INTO campaigns(campaign_id, campaign_name, campaign_type, discount_percentage, buy_qty, get_qty, start_date, end_date) VALUES (20059, 'Potato Chips 50g B3G1', 'BXGY_SAME_PRODUCT', NULL, 3, 1, '2023-09-01', '2023-09-21');
INSERT INTO campaigns(campaign_id, campaign_name, campaign_type, discount_percentage, buy_qty, get_qty, start_date, end_date) VALUES (20060, 'Potato Chips 50g 18% OFF', 'DISCOUNT', 18, NULL, NULL, '2025-04-10', '2025-04-26');
INSERT INTO campaigns(campaign_id, campaign_name, campaign_type, discount_percentage, buy_qty, get_qty, start_date, end_date) VALUES (20061, 'Potato Chips 50g 25% OFF', 'DISCOUNT', 25, NULL, NULL, '2025-01-01', '2025-01-18');
INSERT INTO campaigns(campaign_id, campaign_name, campaign_type, discount_percentage, buy_qty, get_qty, start_date, end_date) VALUES (20062, 'Potato Chips 50g 17% OFF', 'DISCOUNT', 17, NULL, NULL, '2023-05-01', '2023-05-20');
INSERT INTO campaigns(campaign_id, campaign_name, campaign_type, discount_percentage, buy_qty, get_qty, start_date, end_date) VALUES (20063, 'Potato Chips 50g 21% OFF', 'DISCOUNT', 21, NULL, NULL, '2025-05-01', '2025-05-20');
INSERT INTO campaigns(campaign_id, campaign_name, campaign_type, discount_percentage, buy_qty, get_qty, start_date, end_date) VALUES (20064, 'Potato Chips 50g B2G1', 'BXGY_SAME_PRODUCT', NULL, 2, 1, '2023-01-01', '2023-01-09');
INSERT INTO campaigns(campaign_id, campaign_name, campaign_type, discount_percentage, buy_qty, get_qty, start_date, end_date) VALUES (20065, 'Energy Drink 250ml Can B2G1', 'BXGY_SAME_PRODUCT', NULL, 2, 1, '2024-02-01', '2024-02-12');
INSERT INTO campaigns(campaign_id, campaign_name, campaign_type, discount_percentage, buy_qty, get_qty, start_date, end_date) VALUES (20066, 'Energy Drink 250ml Can 26% OFF', 'DISCOUNT', 26, NULL, NULL, '2024-01-01', '2024-01-11');
INSERT INTO campaigns(campaign_id, campaign_name, campaign_type, discount_percentage, buy_qty, get_qty, start_date, end_date) VALUES (20067, 'Energy Drink 250ml Can B2G1', 'BXGY_SAME_PRODUCT', NULL, 2, 1, '2024-07-01', '2024-07-18');
INSERT INTO campaigns(campaign_id, campaign_name, campaign_type, discount_percentage, buy_qty, get_qty, start_date, end_date) VALUES (20068, 'Energy Drink 250ml Can B2G1', 'BXGY_SAME_PRODUCT', NULL, 2, 1, '2024-05-01', '2024-05-18');
INSERT INTO campaigns(campaign_id, campaign_name, campaign_type, discount_percentage, buy_qty, get_qty, start_date, end_date) VALUES (20069, 'Energy Drink 250ml Can 23% OFF', 'DISCOUNT', 23, NULL, NULL, '2023-04-01', '2023-04-18');
INSERT INTO campaigns(campaign_id, campaign_name, campaign_type, discount_percentage, buy_qty, get_qty, start_date, end_date) VALUES (20070, 'Energy Drink 250ml Can B2G1', 'BXGY_SAME_PRODUCT', NULL, 2, 1, '2025-03-01', '2025-03-13');
INSERT INTO campaigns(campaign_id, campaign_name, campaign_type, discount_percentage, buy_qty, get_qty, start_date, end_date) VALUES (20071, 'Energy Drink 250ml Can 16% OFF', 'DISCOUNT', 16, NULL, NULL, '2023-05-01', '2023-05-15');
INSERT INTO campaigns(campaign_id, campaign_name, campaign_type, discount_percentage, buy_qty, get_qty, start_date, end_date) VALUES (20072, 'Energy Drink 250ml Can 24% OFF', 'DISCOUNT', 24, NULL, NULL, '2023-08-01', '2023-08-16');
INSERT INTO campaigns(campaign_id, campaign_name, campaign_type, discount_percentage, buy_qty, get_qty, start_date, end_date) VALUES (20073, 'School Notebook A4 80 pages 30% OFF', 'DISCOUNT', 30, NULL, NULL, '2023-11-01', '2023-11-09');
INSERT INTO campaigns(campaign_id, campaign_name, campaign_type, discount_percentage, buy_qty, get_qty, start_date, end_date) VALUES (20074, 'School Notebook A4 80 pages B2G1', 'BXGY_SAME_PRODUCT', NULL, 2, 1, '2025-04-01', '2025-04-08');
INSERT INTO campaigns(campaign_id, campaign_name, campaign_type, discount_percentage, buy_qty, get_qty, start_date, end_date) VALUES (20075, 'School Notebook A4 80 pages 25% OFF', 'DISCOUNT', 25, NULL, NULL, '2023-04-01', '2023-04-10');
INSERT INTO campaigns(campaign_id, campaign_name, campaign_type, discount_percentage, buy_qty, get_qty, start_date, end_date) VALUES (20076, 'School Notebook A4 80 pages B2G1', 'BXGY_SAME_PRODUCT', NULL, 2, 1, '2024-12-01', '2024-12-19');
INSERT INTO campaigns(campaign_id, campaign_name, campaign_type, discount_percentage, buy_qty, get_qty, start_date, end_date) VALUES (20077, 'School Notebook A4 80 pages B3G1', 'BXGY_SAME_PRODUCT', NULL, 3, 1, '2023-01-01', '2023-01-14');
INSERT INTO campaigns(campaign_id, campaign_name, campaign_type, discount_percentage, buy_qty, get_qty, start_date, end_date) VALUES (20078, 'School Notebook A4 80 pages B2G1', 'BXGY_SAME_PRODUCT', NULL, 2, 1, '2024-04-01', '2024-04-21');
INSERT INTO campaigns(campaign_id, campaign_name, campaign_type, discount_percentage, buy_qty, get_qty, start_date, end_date) VALUES (20079, 'School Notebook A4 80 pages B3G1', 'BXGY_SAME_PRODUCT', NULL, 3, 1, '2024-03-01', '2024-03-21');
INSERT INTO campaigns(campaign_id, campaign_name, campaign_type, discount_percentage, buy_qty, get_qty, start_date, end_date) VALUES (20080, 'School Notebook A4 80 pages B3G1', 'BXGY_SAME_PRODUCT', NULL, 3, 1, '2024-08-01', '2024-08-13');
INSERT INTO campaigns(campaign_id, campaign_name, campaign_type, discount_percentage, buy_qty, get_qty, start_date, end_date) VALUES (20081, 'Turkish Flag 70x105 cm 30% OFF', 'DISCOUNT', 30, NULL, NULL, '2024-08-01', '2024-08-11');
INSERT INTO campaigns(campaign_id, campaign_name, campaign_type, discount_percentage, buy_qty, get_qty, start_date, end_date) VALUES (20082, 'Turkish Flag 70x105 cm 18% OFF', 'DISCOUNT', 18, NULL, NULL, '2023-02-01', '2023-02-14');
INSERT INTO campaigns(campaign_id, campaign_name, campaign_type, discount_percentage, buy_qty, get_qty, start_date, end_date) VALUES (20083, 'Turkish Flag 70x105 cm 16% OFF', 'DISCOUNT', 16, NULL, NULL, '2023-09-01', '2023-09-10');
INSERT INTO campaigns(campaign_id, campaign_name, campaign_type, discount_percentage, buy_qty, get_qty, start_date, end_date) VALUES (20084, 'Turkish Flag 70x105 cm 11% OFF', 'DISCOUNT', 11, NULL, NULL, '2024-06-01', '2024-06-13');
INSERT INTO campaigns(campaign_id, campaign_name, campaign_type, discount_percentage, buy_qty, get_qty, start_date, end_date) VALUES (20085, 'Turkish Flag 70x105 cm 10% OFF', 'DISCOUNT', 10, NULL, NULL, '2025-07-01', '2025-07-13');
INSERT INTO campaigns(campaign_id, campaign_name, campaign_type, discount_percentage, buy_qty, get_qty, start_date, end_date) VALUES (20086, 'Turkish Flag 70x105 cm B3G1', 'BXGY_SAME_PRODUCT', NULL, 3, 1, '2024-01-01', '2024-01-19');
INSERT INTO campaigns(campaign_id, campaign_name, campaign_type, discount_percentage, buy_qty, get_qty, start_date, end_date) VALUES (20087, 'Turkish Flag 70x105 cm 17% OFF', 'DISCOUNT', 17, NULL, NULL, '2024-10-01', '2024-10-15');
INSERT INTO campaigns(campaign_id, campaign_name, campaign_type, discount_percentage, buy_qty, get_qty, start_date, end_date) VALUES (20088, 'Turkish Flag 70x105 cm 20% OFF', 'DISCOUNT', 20, NULL, NULL, '2023-06-01', '2023-06-11');
INSERT INTO campaigns(campaign_id, campaign_name, campaign_type, discount_percentage, buy_qty, get_qty, start_date, end_date) VALUES (20089, 'Black Tea 1kg B3G1', 'BXGY_SAME_PRODUCT', NULL, 3, 1, '2024-04-23', '2024-05-10');
INSERT INTO campaigns(campaign_id, campaign_name, campaign_type, discount_percentage, buy_qty, get_qty, start_date, end_date) VALUES (20090, 'Black Tea 1kg 10% OFF', 'DISCOUNT', 10, NULL, NULL, '2024-08-01', '2024-08-21');
INSERT INTO campaigns(campaign_id, campaign_name, campaign_type, discount_percentage, buy_qty, get_qty, start_date, end_date) VALUES (20091, 'Black Tea 1kg 24% OFF', 'DISCOUNT', 24, NULL, NULL, '2023-04-01', '2023-04-07');
INSERT INTO campaigns(campaign_id, campaign_name, campaign_type, discount_percentage, buy_qty, get_qty, start_date, end_date) VALUES (20092, 'Black Tea 1kg 18% OFF', 'DISCOUNT', 18, NULL, NULL, '2023-07-01', '2023-07-19');
INSERT INTO campaigns(campaign_id, campaign_name, campaign_type, discount_percentage, buy_qty, get_qty, start_date, end_date) VALUES (20093, 'Black Tea 1kg B3G1', 'BXGY_SAME_PRODUCT', NULL, 3, 1, '2024-03-01', '2024-03-14');
INSERT INTO campaigns(campaign_id, campaign_name, campaign_type, discount_percentage, buy_qty, get_qty, start_date, end_date) VALUES (20094, 'Black Tea 1kg 21% OFF', 'DISCOUNT', 21, NULL, NULL, '2023-09-20', '2023-09-29');
INSERT INTO campaigns(campaign_id, campaign_name, campaign_type, discount_percentage, buy_qty, get_qty, start_date, end_date) VALUES (20095, 'Black Tea 1kg 15% OFF', 'DISCOUNT', 15, NULL, NULL, '2025-02-01', '2025-02-16');
INSERT INTO campaigns(campaign_id, campaign_name, campaign_type, discount_percentage, buy_qty, get_qty, start_date, end_date) VALUES (20096, 'Black Tea 1kg B2G1', 'BXGY_SAME_PRODUCT', NULL, 2, 1, '2025-05-01', '2025-05-08');

-- Campaign→Product assignments
INSERT INTO campaign_products(campaign_id, product_id) VALUES (20001, 1001);
INSERT INTO campaign_products(campaign_id, product_id) VALUES (20002, 1001);
INSERT INTO campaign_products(campaign_id, product_id) VALUES (20003, 1001);
INSERT INTO campaign_products(campaign_id, product_id) VALUES (20004, 1001);
INSERT INTO campaign_products(campaign_id, product_id) VALUES (20005, 1001);
INSERT INTO campaign_products(campaign_id, product_id) VALUES (20006, 1001);
INSERT INTO campaign_products(campaign_id, product_id) VALUES (20007, 1001);
INSERT INTO campaign_products(campaign_id, product_id) VALUES (20008, 1001);
INSERT INTO campaign_products(campaign_id, product_id) VALUES (20009, 1002);
INSERT INTO campaign_products(campaign_id, product_id) VALUES (20010, 1002);
INSERT INTO campaign_products(campaign_id, product_id) VALUES (20011, 1002);
INSERT INTO campaign_products(campaign_id, product_id) VALUES (20012, 1002);
INSERT INTO campaign_products(campaign_id, product_id) VALUES (20013, 1002);
INSERT INTO campaign_products(campaign_id, product_id) VALUES (20014, 1002);
INSERT INTO campaign_products(campaign_id, product_id) VALUES (20015, 1002);
INSERT INTO campaign_products(campaign_id, product_id) VALUES (20016, 1002);
INSERT INTO campaign_products(campaign_id, product_id) VALUES (20017, 1003);
INSERT INTO campaign_products(campaign_id, product_id) VALUES (20018, 1003);
INSERT INTO campaign_products(campaign_id, product_id) VALUES (20019, 1003);
INSERT INTO campaign_products(campaign_id, product_id) VALUES (20020, 1003);
INSERT INTO campaign_products(campaign_id, product_id) VALUES (20021, 1003);
INSERT INTO campaign_products(campaign_id, product_id) VALUES (20022, 1003);
INSERT INTO campaign_products(campaign_id, product_id) VALUES (20023, 1003);
INSERT INTO campaign_products(campaign_id, product_id) VALUES (20024, 1003);
INSERT INTO campaign_products(campaign_id, product_id) VALUES (20025, 1004);
INSERT INTO campaign_products(campaign_id, product_id) VALUES (20026, 1004);
INSERT INTO campaign_products(campaign_id, product_id) VALUES (20027, 1004);
INSERT INTO campaign_products(campaign_id, product_id) VALUES (20028, 1004);
INSERT INTO campaign_products(campaign_id, product_id) VALUES (20029, 1004);
INSERT INTO campaign_products(campaign_id, product_id) VALUES (20030, 1004);
INSERT INTO campaign_products(campaign_id, product_id) VALUES (20031, 1004);
INSERT INTO campaign_products(campaign_id, product_id) VALUES (20032, 1004);
INSERT INTO campaign_products(campaign_id, product_id) VALUES (20033, 1005);
INSERT INTO campaign_products(campaign_id, product_id) VALUES (20034, 1005);
INSERT INTO campaign_products(campaign_id, product_id) VALUES (20035, 1005);
INSERT INTO campaign_products(campaign_id, product_id) VALUES (20036, 1005);
INSERT INTO campaign_products(campaign_id, product_id) VALUES (20037, 1005);
INSERT INTO campaign_products(campaign_id, product_id) VALUES (20038, 1005);
INSERT INTO campaign_products(campaign_id, product_id) VALUES (20039, 1005);
INSERT INTO campaign_products(campaign_id, product_id) VALUES (20040, 1005);
INSERT INTO campaign_products(campaign_id, product_id) VALUES (20041, 1006);
INSERT INTO campaign_products(campaign_id, product_id) VALUES (20042, 1006);
INSERT INTO campaign_products(campaign_id, product_id) VALUES (20043, 1006);
INSERT INTO campaign_products(campaign_id, product_id) VALUES (20044, 1006);
INSERT INTO campaign_products(campaign_id, product_id) VALUES (20045, 1006);
INSERT INTO campaign_products(campaign_id, product_id) VALUES (20046, 1006);
INSERT INTO campaign_products(campaign_id, product_id) VALUES (20047, 1006);
INSERT INTO campaign_products(campaign_id, product_id) VALUES (20048, 1006);
INSERT INTO campaign_products(campaign_id, product_id) VALUES (20049, 1007);
INSERT INTO campaign_products(campaign_id, product_id) VALUES (20050, 1007);
INSERT INTO campaign_products(campaign_id, product_id) VALUES (20051, 1007);
INSERT INTO campaign_products(campaign_id, product_id) VALUES (20052, 1007);
INSERT INTO campaign_products(campaign_id, product_id) VALUES (20053, 1007);
INSERT INTO campaign_products(campaign_id, product_id) VALUES (20054, 1007);
INSERT INTO campaign_products(campaign_id, product_id) VALUES (20055, 1007);
INSERT INTO campaign_products(campaign_id, product_id) VALUES (20056, 1007);
INSERT INTO campaign_products(campaign_id, product_id) VALUES (20057, 1008);
INSERT INTO campaign_products(campaign_id, product_id) VALUES (20058, 1008);
INSERT INTO campaign_products(campaign_id, product_id) VALUES (20059, 1008);
INSERT INTO campaign_products(campaign_id, product_id) VALUES (20060, 1008);
INSERT INTO campaign_products(campaign_id, product_id) VALUES (20061, 1008);
INSERT INTO campaign_products(campaign_id, product_id) VALUES (20062, 1008);
INSERT INTO campaign_products(campaign_id, product_id) VALUES (20063, 1008);
INSERT INTO campaign_products(campaign_id, product_id) VALUES (20064, 1008);
INSERT INTO campaign_products(campaign_id, product_id) VALUES (20065, 1009);
INSERT INTO campaign_products(campaign_id, product_id) VALUES (20066, 1009);
INSERT INTO campaign_products(campaign_id, product_id) VALUES (20067, 1009);
INSERT INTO campaign_products(campaign_id, product_id) VALUES (20068, 1009);
INSERT INTO campaign_products(campaign_id, product_id) VALUES (20069, 1009);
INSERT INTO campaign_products(campaign_id, product_id) VALUES (20070, 1009);
INSERT INTO campaign_products(campaign_id, product_id) VALUES (20071, 1009);
INSERT INTO campaign_products(campaign_id, product_id) VALUES (20072, 1009);
INSERT INTO campaign_products(campaign_id, product_id) VALUES (20073, 1010);
INSERT INTO campaign_products(campaign_id, product_id) VALUES (20074, 1010);
INSERT INTO campaign_products(campaign_id, product_id) VALUES (20075, 1010);
INSERT INTO campaign_products(campaign_id, product_id) VALUES (20076, 1010);
INSERT INTO campaign_products(campaign_id, product_id) VALUES (20077, 1010);
INSERT INTO campaign_products(campaign_id, product_id) VALUES (20078, 1010);
INSERT INTO campaign_products(campaign_id, product_id) VALUES (20079, 1010);
INSERT INTO campaign_products(campaign_id, product_id) VALUES (20080, 1010);
INSERT INTO campaign_products(campaign_id, product_id) VALUES (20081, 1011);
INSERT INTO campaign_products(campaign_id, product_id) VALUES (20082, 1011);
INSERT INTO campaign_products(campaign_id, product_id) VALUES (20083, 1011);
INSERT INTO campaign_products(campaign_id, product_id) VALUES (20084, 1011);
INSERT INTO campaign_products(campaign_id, product_id) VALUES (20085, 1011);
INSERT INTO campaign_products(campaign_id, product_id) VALUES (20086, 1011);
INSERT INTO campaign_products(campaign_id, product_id) VALUES (20087, 1011);
INSERT INTO campaign_products(campaign_id, product_id) VALUES (20088, 1011);
INSERT INTO campaign_products(campaign_id, product_id) VALUES (20089, 1012);
INSERT INTO campaign_products(campaign_id, product_id) VALUES (20090, 1012);
INSERT INTO campaign_products(campaign_id, product_id) VALUES (20091, 1012);
INSERT INTO campaign_products(campaign_id, product_id) VALUES (20092, 1012);
INSERT INTO campaign_products(campaign_id, product_id) VALUES (20093, 1012);
INSERT INTO campaign_products(campaign_id, product_id) VALUES (20094, 1012);
INSERT INTO campaign_products(campaign_id, product_id) VALUES (20095, 1012);
INSERT INTO campaign_products(campaign_id, product_id) VALUES (20096, 1012);

-- Customer Special Offers
INSERT INTO customer_special_offers(special_offer_id, customer_id, percent_off, start_date, end_date) VALUES (30001, 501, 11, '2025-02-01', '2025-02-13');
INSERT INTO customer_special_offers(special_offer_id, customer_id, percent_off, start_date, end_date) VALUES (30002, 501, 12, '2025-01-01', '2025-01-15');
INSERT INTO customer_special_offers(special_offer_id, customer_id, percent_off, start_date, end_date) VALUES (30003, 502, 7, '2025-01-21', '2025-02-03');
INSERT INTO customer_special_offers(special_offer_id, customer_id, percent_off, start_date, end_date) VALUES (30004, 502, 13, '2024-09-01', '2024-09-17');
INSERT INTO customer_special_offers(special_offer_id, customer_id, percent_off, start_date, end_date) VALUES (30005, 503, 5, '2024-01-01', '2024-01-12');
INSERT INTO customer_special_offers(special_offer_id, customer_id, percent_off, start_date, end_date) VALUES (30006, 503, 12, '2025-03-01', '2025-03-10');
INSERT INTO customer_special_offers(special_offer_id, customer_id, percent_off, start_date, end_date) VALUES (30007, 504, 14, '2023-11-01', '2023-11-12');
INSERT INTO customer_special_offers(special_offer_id, customer_id, percent_off, start_date, end_date) VALUES (30008, 504, 7, '2024-09-01', '2024-09-13');
INSERT INTO customer_special_offers(special_offer_id, customer_id, percent_off, start_date, end_date) VALUES (30009, 505, 14, '2024-05-01', '2024-05-08');
INSERT INTO customer_special_offers(special_offer_id, customer_id, percent_off, start_date, end_date) VALUES (30010, 505, 8, '2024-09-02', '2024-09-16');
INSERT INTO customer_special_offers(special_offer_id, customer_id, percent_off, start_date, end_date) VALUES (30011, 505, 10, '2023-08-01', '2023-08-12');
INSERT INTO customer_special_offers(special_offer_id, customer_id, percent_off, start_date, end_date) VALUES (30012, 506, 14, '2024-12-10', '2024-12-23');
INSERT INTO customer_special_offers(special_offer_id, customer_id, percent_off, start_date, end_date) VALUES (30013, 506, 5, '2025-07-01', '2025-07-14');
INSERT INTO customer_special_offers(special_offer_id, customer_id, percent_off, start_date, end_date) VALUES (30014, 506, 14, '2023-09-01', '2023-09-15');
